{
    "0": [
        9,
        0.1901639699935913
    ],
    "2": [
        25,
        0.0024881779378318784
    ]
}