{
    "0": [
        1,
        0.2343459129333496
    ],
    "2": [
        9,
        0.00016164875774913364
    ]
}