{
    "0": [
        1,
        0.2343459129333496
    ],
    "2": [
        11,
        0.0001499936728260734
    ]
}